URL,Laatst gecrawld
https://enisahealingenmassage.nl/prijzen,2026-03-10
https://www.enisahealingenmassage.nl/prijzen,2026-03-10
http://enisahealingenmassage.nl/,2026-03-09
https://enisahealingenmassage.nl/,2026-03-09
http://www.enisahealingenmassage.nl/,2026-03-03
https://www.enisahealingenmassage.nl/wwwenisahealingenmassage-nl-home,2026-02-21
https://www.enisahealingenmassage.nl/reacties-van-klanten,2026-02-10
https://www.enisahealingenmassage.nl/spiritueel-energetisch-blokkades-opheffen-amsterdam,2026-01-31
https://www.enisahealingenmassage.nl/projects-6,2026-01-26
https://www.enisahealingenmassage.nl/energetischeblokkadesopheffen,2026-01-23
https://www.enisahealingenmassage.nl/chakra-healing,2026-01-08
https://enisahealingenmassage.nl/healing-op-afstand,2024-09-23
https://enisahealingenmassage.nl/faq-veelgestelde-vragen,2024-07-29
https://enisahealingenmassage.nl/chakra-healing,2024-07-28
http://www.enisahealingenmassage.nl/reacties-van-klanten,2024-07-27
http://www.enisahealingenmassage.nl/contact-afspraak,2024-07-26
https://enisahealingenmassage.nl/contact-afspraak,2024-07-24
https://enisahealingenmassage.nl/reacties-van-klanten,2024-07-08
http://www.enisahealingenmassage.nl/prijzen,2024-07-04
https://enisahealingenmassage.nl/anti-stress,2023-11-12